Testanteil,Trainanteil,Accuracy
0.1,0.9,0.6169
0.3,0.7,0.6156
0.5,0.5,0.61782
0.7,0.30000000000000004,0.6137
0.9,0.09999999999999998,0.6177555555555555
