Testanteil,Bestes k,Accuracy
0.1,21,0.7488
0.3,21,0.7482333333333333
0.5,21,0.74866
0.7,21,0.7486857142857143
0.9,21,0.7492666666666666
