Testanteil,Trainanteil,Accuracy
0.1,0.9,0.7518
0.3,0.7,0.7518
0.5,0.5,0.7518
0.7,0.30000000000000004,0.7517857142857143
0.9,0.09999999999999998,0.7517888888888888
